Vehicle,Engine,Engine Idle,Engine Damaged,Horn,Overlay,Door Open,Door Close,Skid Road,Skid Dirt,Backup
ambul,ambul.spt::ambul_car (ambulance.rsd),ambul.spt::ambul_car (ambulance.rsd),carsound.spt::fire (damagedcar.rsd),ambul.spt::ambul_car_horn (fire_siren_02.rsd),DEFAULT/NONE,DEFAULT/NONE,DEFAULT/NONE,DEFAULT/NONE,DEFAULT/NONE,DEFAULT/NONE,
apu_v,apu_v.spt::apu_car (longhorn.rsd),apu_v.spt::apu_car (longhorn.rsd),carsound.spt::fire (damagedcar.rsd),apu_v.spt::apu_horn (horn-GTI.rsd),DEFAULT/NONE,DEFAULT/NONE,DEFAULT/NONE,DEFAULT/NONE,DEFAULT/NONE,DEFAULT/NONE,
atv_v,atv_v.spt::atv_car (atv.rsd),atv_v.spt::atv_car (atv.rsd),carsound.spt::fire (damagedcar.rsd),atv_v.spt::atv_horn (horn-beep2.rsd),DEFAULT/NONE,DEFAULT/NONE,DEFAULT/NONE,DEFAULT/NONE,DEFAULT/NONE,DEFAULT/NONE,
bart_v,bart_v.spt::bart_car (bartcar.rsd),bart_v.spt::bart_car (bartcar.rsd),carsound.spt::fire (damagedcar.rsd),bart_v.spt::bart_horn (ferrini_horn.rsd),DEFAULT/NONE,DEFAULT/NONE,DEFAULT/NONE,DEFAULT/NONE,DEFAULT/NONE,DEFAULT/NONE,
bbman_v,bbman_v.spt::bbman (bbman.rsd),bbman_v.spt::bbman (bbman.rsd),carsound.spt::fire (damagedcar.rsd),bbman_v.spt::bbman_horn (horn-hockey.rsd),DEFAULT/NONE,DEFAULT/NONE,DEFAULT/NONE,DEFAULT/NONE,DEFAULT/NONE,DEFAULT/NONE,
bookb_v,bookb_v.spt::bookb (bookvan.rsd),bookb_v.spt::bookb (bookvan.rsd),carsound.spt::fire (damagedcar.rsd),bookb_v.spt::bookb_horn (horn-jetta.rsd),*::,DEFAULT/NONE,DEFAULT/NONE,DEFAULT/NONE,DEFAULT/NONE,DEFAULT/NONE,
burnsarm,burnsarm.spt::burnsarm_car (armourcar.rsd),burnsarm.spt::burnsarm_car (armourcar.rsd),carsound.spt::fire (damagedcar.rsd),burnsarm.spt::burnsarm_horn (horn-truck02.rsd),DEFAULT/NONE,DEFAULT/NONE,DEFAULT/NONE,DEFAULT/NONE,DEFAULT/NONE,DEFAULT/NONE,
burns_v,burns_v.spt::burns (stutz.rsd),burns_v.spt::burns (stutz.rsd),carsound.spt::fire (damagedcar.rsd),burns_v.spt::burns_horn (horn-awooga.rsd),DEFAULT/NONE,DEFAULT/NONE,DEFAULT/NONE,DEFAULT/NONE,DEFAULT/NONE,DEFAULT/NONE,
carhom_v,carhom_v.spt::carhom (car4homer.rsd),carhom_v.spt::carhom (car4homer.rsd),carsound.spt::fire (damagedcar.rsd),carhom_v.spt::carhom_horn (horn-lacuca02.rsd),DEFAULT/NONE,DEFAULT/NONE,DEFAULT/NONE,DEFAULT/NONE,DEFAULT/NONE,DEFAULT/NONE,
cArmor,carmor.spt::cArmor_car (armourcar.rsd),carmor.spt::cArmor_car (armourcar.rsd),carsound.spt::fire (damagedcar.rsd),carmor.spt::cArmor_car_horn (horn-truck02.rsd),DEFAULT/NONE,DEFAULT/NONE,DEFAULT/NONE,DEFAULT/NONE,DEFAULT/NONE,DEFAULT/NONE,
cBlbart,bart_v.spt::bart_car (bartcar.rsd),bart_v.spt::bart_car (bartcar.rsd),carsound.spt::fire (damagedcar.rsd),bart_v.spt::bart_horn (ferrini_horn.rsd),DEFAULT/NONE,DEFAULT/NONE,DEFAULT/NONE,DEFAULT/NONE,DEFAULT/NONE,DEFAULT/NONE,
cBone,cbone.spt::cBone_v (cubevan.rsd),cbone.spt::cBone_v (cubevan.rsd),carsound.spt::fire (damagedcar.rsd),carsound.spt::horn (common/horn.rsd),DEFAULT/NONE,DEFAULT/NONE,DEFAULT/NONE,DEFAULT/NONE,DEFAULT/NONE,DEFAULT/NONE,
cCellA,ccella.spt::cCellA_v (cellcar.rsd),ccella.spt::cCellA_v (cellcar.rsd),carsound.spt::fire (damagedcar.rsd),ccella.spt::cCellA_horn (horn-horn06.rsd),ccella.spt::cCellA_overlay (cel_phone_01.rsd),DEFAULT/NONE,DEFAULT/NONE,DEFAULT/NONE,DEFAULT/NONE,DEFAULT/NONE,
cCellB,ccellb.spt::cCellB_v (cellcar.rsd),ccellb.spt::cCellB_v (cellcar.rsd),carsound.spt::fire (damagedcar.rsd),ccellb.spt::cCellB_horn (horn-horn04.rsd),ccellb.spt::cCellB_overlay (cel_phone_02.rsd),DEFAULT/NONE,DEFAULT/NONE,DEFAULT/NONE,DEFAULT/NONE,DEFAULT/NONE,
cCellC,ccellc.spt::cCellC_v (cellcar.rsd),ccellc.spt::cCellC_v (cellcar.rsd),carsound.spt::fire (damagedcar.rsd),ccellc.spt::cCellC_horn (horn-horn01.rsd),ccellc.spt::cCellC_overlay (cel_phone_03.rsd),DEFAULT/NONE,DEFAULT/NONE,DEFAULT/NONE,DEFAULT/NONE,DEFAULT/NONE,
cCellD,ccelld.spt::cCellD_v (cellcar.rsd),ccelld.spt::cCellD_v (cellcar.rsd),carsound.spt::fire (damagedcar.rsd),ccelld.spt::cCellD_horn (horn-firebird.rsd),ccelld.spt::cCellD_overlay (cel_phone_04.rsd),DEFAULT/NONE,DEFAULT/NONE,DEFAULT/NONE,DEFAULT/NONE,DEFAULT/NONE,
cCola,ccola.spt::cCola_car (colatruck.rsd),ccola.spt::cCola_car (colatruck.rsd),carsound.spt::fire (damagedcar.rsd),ccola.spt::cCola_horn (horn-truck03.rsd),DEFAULT/NONE,DEFAULT/NONE,DEFAULT/NONE,DEFAULT/NONE,DEFAULT/NONE,DEFAULT/NONE,
cCube,ccube.spt::cCube_v (cubevan.rsd),ccube.spt::cCube_v (cubevan.rsd),carsound.spt::fire (damagedcar.rsd),ccube.spt::cCube_v_horn (horn-truck02.rsd),DEFAULT/NONE,DEFAULT/NONE,DEFAULT/NONE,DEFAULT/NONE,DEFAULT/NONE,DEFAULT/NONE,
cCurator,ccurator.spt::cCurator_car (curator.rsd),ccurator.spt::cCurator_car (curator.rsd),carsound.spt::fire (damagedcar.rsd),ccurator.spt::cCurator_horn (horn-bmw.rsd),DEFAULT/NONE,DEFAULT/NONE,DEFAULT/NONE,DEFAULT/NONE,DEFAULT/NONE,DEFAULT/NONE,
cDonut,cdonut.spt::cDonut_car (donutvan.rsd),cdonut.spt::cDonut_car (donutvan.rsd),carsound.spt::fire (damagedcar.rsd),cdonut.spt::cDonut_horn (horn-jetta.rsd),DEFAULT/NONE,DEFAULT/NONE,DEFAULT/NONE,DEFAULT/NONE,DEFAULT/NONE,DEFAULT/NONE,
cDuff,cduff.spt::cDuff_car (dufftruck.rsd),cduff.spt::cDuff_car (dufftruck.rsd),carsound.spt::fire (damagedcar.rsd),cduff.spt::cDuff_horn (horn-bmw.rsd),DEFAULT/NONE,DEFAULT/NONE,DEFAULT/NONE,DEFAULT/NONE,DEFAULT/NONE,DEFAULT/NONE,
cFire_v,cfire_v.spt::cfirecar_v (firetruck.rsd),cfire_v.spt::cfirecar_v (firetruck.rsd),carsound.spt::fire (damagedcar.rsd),cfire_v.spt::cfirecar_overlay (fire_siren_02.rsd),DEFAULT/NONE,DEFAULT/NONE,DEFAULT/NONE,DEFAULT/NONE,DEFAULT/NONE,DEFAULT/NONE,
cHears,chears.spt::cHears_car (hearse.rsd),chears.spt::cHears_car (hearse.rsd),carsound.spt::fire (damagedcar.rsd),carsound.spt::siren (siren.rsd),DEFAULT/NONE,DEFAULT/NONE,DEFAULT/NONE,DEFAULT/NONE,DEFAULT/NONE,DEFAULT/NONE,
cKlimo,cklimo.spt::cKlimo_car (klownkar.rsd),cklimo.spt::cKlimo_car (klownkar.rsd),carsound.spt::fire (damagedcar.rsd),cklimo.spt::cKlimo_horn (horn-bulb.rsd),DEFAULT/NONE,DEFAULT/NONE,DEFAULT/NONE,DEFAULT/NONE,DEFAULT/NONE,DEFAULT/NONE,
cletu_v,cletu_v.spt::cletus_car (cletus.rsd),cletu_v.spt::cletus_car (cletus.rsd),carsound.spt::fire (damagedcar.rsd),cletu_v.spt::cletus_horn (horn-horn04.rsd),DEFAULT/NONE,DEFAULT/NONE,DEFAULT/NONE,DEFAULT/NONE,DEFAULT/NONE,DEFAULT/NONE,
cLimo,climo.spt::cLimo_car (limo.rsd),climo.spt::cLimo_car (limo.rsd),carsound.spt::fire (damagedcar.rsd),climo.spt::cLimo_horn (horn-horn06.rsd),DEFAULT/NONE,DEFAULT/NONE,DEFAULT/NONE,DEFAULT/NONE,DEFAULT/NONE,DEFAULT/NONE,
cMilk,cmilk.spt::cMilk_v (milktruck.rsd),cmilk.spt::cMilk_v (milktruck.rsd),carsound.spt::fire (damagedcar.rsd),cmilk.spt::cMilk_horn (horn-bmw.rsd),DEFAULT/NONE,DEFAULT/NONE,DEFAULT/NONE,DEFAULT/NONE,DEFAULT/NONE,DEFAULT/NONE,
cNerd,cnerd.spt::cNerd_car (nerdcar.rsd),cnerd.spt::cNerd_car (nerdcar.rsd),carsound.spt::fire (damagedcar.rsd),cnerd.spt::cNerd_horn (horn-horn01.rsd),DEFAULT/NONE,DEFAULT/NONE,DEFAULT/NONE,DEFAULT/NONE,DEFAULT/NONE,DEFAULT/NONE,
cNonup,cnonup.spt::cNonupV (nonupvan.rsd),cnonup.spt::cNonupV (nonupvan.rsd),carsound.spt::fire (damagedcar.rsd),cnonup.spt::cNonupV_horn (horn-bmw.rsd),DEFAULT/NONE,DEFAULT/NONE,DEFAULT/NONE,DEFAULT/NONE,DEFAULT/NONE,DEFAULT/NONE,
coffin,coffin.spt::coffin_v (coffincar.rsd),coffin.spt::coffin_v (coffincar.rsd),carsound.spt::fire (damagedcar.rsd),ccurator.spt::cCurator_horn (horn-bmw.rsd),DEFAULT/NONE,DEFAULT/NONE,DEFAULT/NONE,DEFAULT/NONE,DEFAULT/NONE,DEFAULT/NONE,
comic_v,comic_v.spt::comic_car (comicguycar.rsd),comic_v.spt::comic_car (comicguycar.rsd),carsound.spt::fire (damagedcar.rsd),comic_v.spt::comic_horn (horn-beep2.rsd),DEFAULT/NONE,DEFAULT/NONE,DEFAULT/NONE,DEFAULT/NONE,DEFAULT/NONE,DEFAULT/NONE,
compactA,compacta.spt::compactA_car (compactA.rsd),compacta.spt::compactA_car (compactA.rsd),carsound.spt::fire (damagedcar.rsd),compacta.spt::compactA_horn (horn-civic.rsd),DEFAULT/NONE,DEFAULT/NONE,DEFAULT/NONE,DEFAULT/NONE,DEFAULT/NONE,DEFAULT/NONE,
cPolice,cpolice.spt::cPolice_car (wiggum_car.rsd),cpolice.spt::cPolice_car (wiggum_car.rsd),carsound.spt::fire (damagedcar.rsd),carsound.spt::siren (siren.rsd),DEFAULT/NONE,DEFAULT/NONE,DEFAULT/NONE,DEFAULT/NONE,DEFAULT/NONE,DEFAULT/NONE,
cSedan,csedan.spt::cSedan_car (chasesedan.rsd),csedan.spt::cSedan_car (chasesedan.rsd),carsound.spt::fire (damagedcar.rsd),carsound.spt::siren (siren.rsd),DEFAULT/NONE,DEFAULT/NONE,DEFAULT/NONE,DEFAULT/NONE,DEFAULT/NONE,DEFAULT/NONE,
cVan,cvan.spt::cVan_car (chasevan.rsd),cvan.spt::cVan_car (chasevan.rsd),carsound.spt::fire (damagedcar.rsd),cvan.spt::cVan_horn (horn-horn06.rsd),cvan.spt::cVan_overlay (black_van.rsd),DEFAULT/NONE,DEFAULT/NONE,DEFAULT/NONE,DEFAULT/NONE,DEFAULT/NONE,
dune_v,dune_v.spt::dune_v_car (radiocar.rsd),carsound.spt::blank (blank.rsd),carsound.spt::fire (damagedcar.rsd),dune_v.spt::dune_horn (horn-tiny.rsd),DEFAULT/NONE,DEFAULT/NONE,DEFAULT/NONE,DEFAULT/NONE,DEFAULT/NONE,DEFAULT/NONE,
elect_v,elect_v.spt::lisa_car (elect.rsd),elect_v.spt::lisa_car (elect.rsd),carsound.spt::fire (damagedcar.rsd),elect_v.spt::lisa_horn (horn-mx6.rsd),DEFAULT/NONE,DEFAULT/NONE,DEFAULT/NONE,DEFAULT/NONE,DEFAULT/NONE,DEFAULT/NONE,
famil_v,famil_v.spt::famil (familycar.rsd),famil_v.spt::famil (familycar.rsd),carsound.spt::fire (damagedcar.rsd),famil_v.spt::famil_horn (horn-horn06.rsd),DEFAULT/NONE,*::famil_open,*::famil_close,DEFAULT/NONE,DEFAULT/NONE,DEFAULT/NONE,
fishtruc,fishtruc.spt::fishtruck (fishvan.rsd),fishtruc.spt::fishtruck (fishvan.rsd),carsound.spt::fire (damagedcar.rsd),fishtruc.spt::fishtruck_horn (horn-horn06.rsd),DEFAULT/NONE,DEFAULT/NONE,DEFAULT/NONE,DEFAULT/NONE,DEFAULT/NONE,DEFAULT/NONE,
fone_v,fone_v.spt::fone (formula1.rsd),fone_v.spt::fone (formula1.rsd),carsound.spt::fire (damagedcar.rsd),fone_v.spt::fone_horn (horn-mustang.rsd),DEFAULT/NONE,DEFAULT/NONE,DEFAULT/NONE,DEFAULT/NONE,DEFAULT/NONE,DEFAULT/NONE,
frink_v,frink_v.spt::frink (frinkcar.rsd),frink_v.spt::frink (frinkcar.rsd),carsound.spt::fire (damagedcar.rsd),frink_v.spt::frink_horn (horn-frink.rsd),DEFAULT/NONE,DEFAULT/NONE,DEFAULT/NONE,frink_v.spt::frink_skid (frinkskid2.rsd),frink_v.spt::frink_skid (frinkskid2.rsd),DEFAULT/NONE,
garbage,garbage.spt::garbage_car (garbagetruck.rsd),garbage.spt::garbage_car (garbagetruck.rsd),carsound.spt::fire (damagedcar.rsd),garbage.spt::garbage_horn (horn-truck02.rsd),DEFAULT/NONE,DEFAULT/NONE,DEFAULT/NONE,DEFAULT/NONE,DEFAULT/NONE,DEFAULT/NONE,
glastruc,glastruc.spt::glastruc_v (glasstruck.rsd),glastruc.spt::glastruc_v (glasstruck.rsd),carsound.spt::fire (damagedcar.rsd),carsound.spt::horn (common/horn.rsd),DEFAULT/NONE,DEFAULT/NONE,DEFAULT/NONE,DEFAULT/NONE,DEFAULT/NONE,DEFAULT/NONE,
gramp_v,gramp_v.spt::gramp (ww2jeep.rsd),gramp_v.spt::gramp (ww2jeep.rsd),carsound.spt::fire (damagedcar.rsd),gramp_v.spt::gramp_horn (horn-horn04.rsd),DEFAULT/NONE,DEFAULT/NONE,DEFAULT/NONE,DEFAULT/NONE,DEFAULT/NONE,DEFAULT/NONE,
gramR_v,gramr_v.spt::gramR (ww2jeep.rsd),gramr_v.spt::gramR (ww2jeep.rsd),carsound.spt::fire (damagedcar.rsd),gramr_v.spt::gramR_horn (horn-horn04.rsd),carsound.spt::rocket (rocket_car_04.rsd),DEFAULT/NONE,DEFAULT/NONE,DEFAULT/NONE,DEFAULT/NONE,DEFAULT/NONE,
hallo,hallo.spt::hallo_v (hallowhearse.rsd),hallo.spt::hallo_v (hallowhearse.rsd),carsound.spt::fire (damagedcar.rsd),hallo.spt::hallo_v_horn (horn-hearse.rsd),DEFAULT/NONE,DEFAULT/NONE,DEFAULT/NONE,DEFAULT/NONE,DEFAULT/NONE,DEFAULT/NONE,
hbike_v,hbike_v.spt::hbike (hoverbike2.rsd),hbike_v.spt::hbike (hoverbike2.rsd),carsound.spt::fire (damagedcar.rsd),frink_v.spt::frink_horn (horn-frink.rsd),DEFAULT/NONE,DEFAULT/NONE,DEFAULT/NONE,carsound.spt::blank (blank.rsd),carsound.spt::blank (blank.rsd),DEFAULT/NONE,
homer_v,homer_v.spt::homer_car (70shomer.rsd),homer_v.spt::homer_car (70shomer.rsd),carsound.spt::fire (damagedcar.rsd),homer_v.spt::homer_horn (horn-horn06.rsd),DEFAULT/NONE,DEFAULT/NONE,DEFAULT/NONE,DEFAULT/NONE,DEFAULT/NONE,DEFAULT/NONE,
honor_v,honor_v.spt::honor (honor.rsd),honor_v.spt::honor (honor.rsd),carsound.spt::fire (damagedcar.rsd),honor_v.spt::honor_horn (horn-beep2.rsd),DEFAULT/NONE,DEFAULT/NONE,DEFAULT/NONE,DEFAULT/NONE,DEFAULT/NONE,DEFAULT/NONE,
huskA,huska.spt::huskaV (husk.rsd),carsound.spt::blank (blank.rsd),carsound.spt::fire (damagedcar.rsd),*::huskaV_horn,DEFAULT/NONE,DEFAULT/NONE,DEFAULT/NONE,huska.spt::huskaV_skid (blank.rsd),huska.spt::huskaV_skid (blank.rsd),DEFAULT/NONE,
hype_v,hype_v.spt::hype_v_car (hypecar.rsd),hype_v.spt::hype_v_car (hypecar.rsd),carsound.spt::fire (damagedcar.rsd),hype_v.spt::hype_v_horn (horn-horn07.rsd),DEFAULT/NONE,DEFAULT/NONE,DEFAULT/NONE,DEFAULT/NONE,DEFAULT/NONE,DEFAULT/NONE,
icecream,icecream.spt::icecream_car (icecreamvan.rsd),icecream.spt::icecream_car (icecreamvan.rsd),carsound.spt::fire (damagedcar.rsd),icecream.spt::icecream_horn (horn-horn01.rsd),carsound.spt::ice_cream_truck (ice_cream_truck.rsd),DEFAULT/NONE,DEFAULT/NONE,DEFAULT/NONE,DEFAULT/NONE,DEFAULT/NONE,
IStruck,istruck.spt::istruck_v (istruck.rsd),istruck.spt::istruck_v (istruck.rsd),carsound.spt::fire (damagedcar.rsd),carsound.spt::horn (common/horn.rsd),carsound.spt::i_and_s_truck (i_and_s_loop.rsd),DEFAULT/NONE,DEFAULT/NONE,DEFAULT/NONE,DEFAULT/NONE,DEFAULT/NONE,
knigh_v,knigh_v.spt::knigh_v_car (knightboat.rsd),knigh_v.spt::knigh_v_car (knightboat.rsd),carsound.spt::fire (damagedcar.rsd),knigh_v.spt::knigh_horn (horn-hockey.rsd),DEFAULT/NONE,DEFAULT/NONE,DEFAULT/NONE,DEFAULT/NONE,DEFAULT/NONE,DEFAULT/NONE,
krust_v,krust_v.spt::krust_car (klownkar.rsd),krust_v.spt::krust_car (klownkar.rsd),carsound.spt::fire (damagedcar.rsd),krust_v.spt::krust_horn (horn-bulb.rsd),DEFAULT/NONE,DEFAULT/NONE,DEFAULT/NONE,DEFAULT/NONE,DEFAULT/NONE,DEFAULT/NONE,
lisa_v,lisa_v.spt::lisa_v_car (malibustacy.rsd),lisa_v.spt::lisa_v_car (malibustacy.rsd),carsound.spt::fire (damagedcar.rsd),elect_v.spt::lisa_horn (horn-mx6.rsd),DEFAULT/NONE,DEFAULT/NONE,DEFAULT/NONE,DEFAULT/NONE,DEFAULT/NONE,DEFAULT/NONE,
marge_v,marge_v.spt::marge_car (canyonaro.rsd),marge_v.spt::marge_car (canyonaro.rsd),carsound.spt::fire (damagedcar.rsd),marge_v.spt::marge_horn (horn-jetta.rsd),DEFAULT/NONE,DEFAULT/NONE,DEFAULT/NONE,DEFAULT/NONE,DEFAULT/NONE,DEFAULT/NONE,
minivanA,minivana_v.spt::minivanA_v (minivan.rsd),minivana_v.spt::minivanA_v (minivan.rsd),carsound.spt::fire (damagedcar.rsd),minivana_v.spt::minivanA_horn (horn-bmw.rsd),DEFAULT/NONE,DEFAULT/NONE,DEFAULT/NONE,DEFAULT/NONE,DEFAULT/NONE,DEFAULT/NONE,
moe_v,moe_v.spt::moe (moesedan2.rsd),moe_v.spt::moe (moesedan2.rsd),carsound.spt::fire (damagedcar.rsd),moe_v.spt::moe_horn (horn-horn06.rsd),DEFAULT/NONE,*::famil_open,*::famil_close,DEFAULT/NONE,DEFAULT/NONE,DEFAULT/NONE,
mono_v,mono_v.spt::mono_v_car (monorail.rsd),mono_v.spt::mono_v_car (monorail.rsd),carsound.spt::fire (damagedcar.rsd),mono_v.spt::mono_horn (horn-truck5.rsd),*::generator,DEFAULT/NONE,DEFAULT/NONE,mono_v.spt::monorail_skid (husk_06.rsd),carsound.spt::blank (blank.rsd),DEFAULT/NONE,
mrplo_v,mrplo_v.spt::mrplo (mrplow.rsd),mrplo_v.spt::mrplo (mrplow.rsd),carsound.spt::fire (damagedcar.rsd),mrplo_v.spt::mrplo_horn (horn-truck2.rsd),DEFAULT/NONE,DEFAULT/NONE,DEFAULT/NONE,DEFAULT/NONE,DEFAULT/NONE,DEFAULT/NONE,
nuctruck,nuctruck.spt::nuctruck_v (nuclearpickup.rsd),nuctruck.spt::nuctruck_v (nuclearpickup.rsd),carsound.spt::fire (damagedcar.rsd),nuctruck.spt::nuctruck_v_horn (horn-bmw.rsd),carsound.spt::nuctruck_glow (nuctruck_glow2.rsd),DEFAULT/NONE,DEFAULT/NONE,DEFAULT/NONE,DEFAULT/NONE,DEFAULT/NONE,
oblit_v,oblit_v.spt::oblit_v_car (oblit.rsd),oblit_v.spt::oblit_v_car (oblit.rsd),carsound.spt::fire (damagedcar.rsd),oblit_v.spt::oblit_horn (horn-hockey.rsd),DEFAULT/NONE,DEFAULT/NONE,DEFAULT/NONE,DEFAULT/NONE,DEFAULT/NONE,DEFAULT/NONE,
otto_v,otto_v.spt::otto (ottobus.rsd),otto_v.spt::otto (ottobus.rsd),carsound.spt::fire (damagedcar.rsd),otto_v.spt::otto_horn (horn-truck5.rsd),DEFAULT/NONE,DEFAULT/NONE,DEFAULT/NONE,DEFAULT/NONE,DEFAULT/NONE,DEFAULT/NONE,
pickupA,pickupa.spt::pickupA_car (pickup.rsd),pickupa.spt::pickupA_car (pickup.rsd),carsound.spt::fire (damagedcar.rsd),pickupa.spt::pickupA_horn (horn-horn06.rsd),DEFAULT/NONE,DEFAULT/NONE,DEFAULT/NONE,DEFAULT/NONE,DEFAULT/NONE,DEFAULT/NONE,
pizza,pizza.spt::pizza_car (pizzavan.rsd),pizza.spt::pizza_car (pizzavan.rsd),carsound.spt::fire (damagedcar.rsd),carsound.spt::horn (common/horn.rsd),pizza.spt::pizza_car_overlay (pizza_van.rsd),DEFAULT/NONE,DEFAULT/NONE,DEFAULT/NONE,DEFAULT/NONE,DEFAULT/NONE,
plowk_v,plowk_v.spt::plowk (plowking.rsd),plowk_v.spt::plowk (plowking.rsd),carsound.spt::fire (damagedcar.rsd),plowk_v.spt::plowk_horn (horn-truck03.rsd),DEFAULT/NONE,DEFAULT/NONE,DEFAULT/NONE,DEFAULT/NONE,DEFAULT/NONE,DEFAULT/NONE,
redbrick,redbrick.spt::brick_car (redbrick.rsd),redbrick.spt::brick_car (redbrick.rsd),carsound.spt::fire (damagedcar.rsd),redbrick.spt::brick_car_horn (horn-horn01.rsd),DEFAULT/NONE,DEFAULT/NONE,DEFAULT/NONE,DEFAULT/NONE,DEFAULT/NONE,DEFAULT/NONE,
rocke_v,rocke_v.spt::rocke_v_car (rocket_car_07.rsd),rocke_v.spt::rocke_v_car (rocket_car_07.rsd),carsound.spt::fire (damagedcar.rsd),rocke_v.spt::rocke_horn (horn-tiny.rsd),DEFAULT/NONE,DEFAULT/NONE,DEFAULT/NONE,DEFAULT/NONE,DEFAULT/NONE,DEFAULT/NONE,
schoolbu,schoolbu.spt::schoolbus (smallbus.rsd),schoolbu.spt::schoolbus (smallbus.rsd),carsound.spt::fire (damagedcar.rsd),schoolbu.spt::schoolbus_horn (horn-bmw.rsd),DEFAULT/NONE,DEFAULT/NONE,DEFAULT/NONE,DEFAULT/NONE,DEFAULT/NONE,DEFAULT/NONE,
scorp_v,scorp_v.spt::scorp (scorpion.rsd),scorp_v.spt::scorp (scorpion.rsd),carsound.spt::fire (damagedcar.rsd),scorp_v.spt::scorp_horn (horn-horn06.rsd),DEFAULT/NONE,DEFAULT/NONE,DEFAULT/NONE,DEFAULT/NONE,DEFAULT/NONE,DEFAULT/NONE,
sedanA,sedana.spt::sedanA_v (sedanA.rsd),sedana.spt::sedanA_v (sedanA.rsd),carsound.spt::fire (damagedcar.rsd),sedana.spt::sedanA_v_horn (horn-firebird.rsd),DEFAULT/NONE,DEFAULT/NONE,DEFAULT/NONE,DEFAULT/NONE,DEFAULT/NONE,DEFAULT/NONE,
sedanB,sedanb.spt::sedanB_v (sedanB.rsd),sedanb.spt::sedanB_v (sedanB.rsd),carsound.spt::fire (damagedcar.rsd),sedanb.spt::sedanB_v_horn (horn-bmw.rsd),DEFAULT/NONE,DEFAULT/NONE,DEFAULT/NONE,DEFAULT/NONE,DEFAULT/NONE,DEFAULT/NONE,
ship,ship.spt::ship_v (ghostboat1.rsd),ship.spt::ship_v (ghostboat1.rsd),carsound.spt::fire (damagedcar.rsd),ship.spt::ship_v_horn (foghorn.rsd),ship.spt::ship_overlay (ghost_ship.rsd),DEFAULT/NONE,DEFAULT/NONE,ship.spt::ship_skid (swoosh3.rsd),ship.spt::ship_skid (swoosh3.rsd),DEFAULT/NONE,
skinn_v,skinn_v.spt::skinn (skinnercar.rsd),skinn_v.spt::skinn (skinnercar.rsd),carsound.spt::fire (damagedcar.rsd),skinn_v.spt::skinn_horn (horn-jetta.rsd),DEFAULT/NONE,*::famil_open,*::famil_close,DEFAULT/NONE,DEFAULT/NONE,DEFAULT/NONE,
smith_v,smith_v.spt::smith (smithers.rsd),smith_v.spt::smith (smithers.rsd),carsound.spt::fire (damagedcar.rsd),smith_v.spt::smith_horn (horn-awooga.rsd),DEFAULT/NONE,*::famil_open,*::famil_close,DEFAULT/NONE,DEFAULT/NONE,DEFAULT/NONE,
snake_v,snake_v.spt::snake_car (snake.rsd),snake_v.spt::snake_car (snake.rsd),carsound.spt::fire (damagedcar.rsd),snake_v.spt::snake_horn (horn-horn07.rsd),DEFAULT/NONE,DEFAULT/NONE,DEFAULT/NONE,DEFAULT/NONE,DEFAULT/NONE,DEFAULT/NONE,
sportsA,sportsa.spt::sportsA_car (sportscarA.rsd),sportsa.spt::sportsA_car (sportscarA.rsd),carsound.spt::fire (damagedcar.rsd),sportsa.spt::sportsA_horn (horn-civic.rsd),DEFAULT/NONE,DEFAULT/NONE,DEFAULT/NONE,DEFAULT/NONE,DEFAULT/NONE,DEFAULT/NONE,
sportsB,sportsb.spt::sportsB_car (sportscarB.rsd),sportsb.spt::sportsB_car (sportscarB.rsd),carsound.spt::fire (damagedcar.rsd),sportsb.spt::sportsB_horn (horn-sx.rsd),DEFAULT/NONE,DEFAULT/NONE,DEFAULT/NONE,DEFAULT/NONE,DEFAULT/NONE,DEFAULT/NONE,
SUVA,suva.spt::SUVA_car (SUVa.rsd),suva.spt::SUVA_car (SUVa.rsd),carsound.spt::fire (damagedcar.rsd),carsound.spt::horn (common/horn.rsd),DEFAULT/NONE,DEFAULT/NONE,DEFAULT/NONE,DEFAULT/NONE,DEFAULT/NONE,DEFAULT/NONE,
taxiA,taxia_v.spt::taxiA_car (wiggum_car.rsd),taxia_v.spt::taxiA_car (wiggum_car.rsd),carsound.spt::fire (damagedcar.rsd),carsound.spt::horn (common/horn.rsd),DEFAULT/NONE,DEFAULT/NONE,DEFAULT/NONE,DEFAULT/NONE,DEFAULT/NONE,DEFAULT/NONE,
tt,*::tt,*::tt,carsound.spt::fire (damagedcar.rsd),carsound.spt::horn (common/horn.rsd),DEFAULT/NONE,DEFAULT/NONE,DEFAULT/NONE,DEFAULT/NONE,DEFAULT/NONE,DEFAULT/NONE,
votetruc,votetruc.spt::votetruck_v (quimbytruck.rsd),votetruc.spt::votetruck_v (quimbytruck.rsd),carsound.spt::fire (damagedcar.rsd),votetruc.spt::votetruc_horn (vote_quimby_03.rsd),carsound.spt::vote_quimby (vote_quimby_02.rsd),DEFAULT/NONE,DEFAULT/NONE,DEFAULT/NONE,DEFAULT/NONE,DEFAULT/NONE,
wagonA,wagona.spt::SUVB_car (wagonA.rsd),wagona.spt::SUVB_car (wagonA.rsd),carsound.spt::fire (damagedcar.rsd),wagona.spt::SUVB_horn (horn-horn06.rsd),DEFAULT/NONE,DEFAULT/NONE,DEFAULT/NONE,DEFAULT/NONE,DEFAULT/NONE,DEFAULT/NONE,
wiggu_v,wiggu_v.spt::wiggum_car (copcar.rsd),wiggu_v.spt::wiggum_car (copcar.rsd),carsound.spt::fire (damagedcar.rsd),carsound.spt::siren (siren.rsd),DEFAULT/NONE,DEFAULT/NONE,DEFAULT/NONE,DEFAULT/NONE,DEFAULT/NONE,DEFAULT/NONE,
willi_v,willi_v.spt::willi (willie.rsd),willi_v.spt::willi (willie.rsd),carsound.spt::fire (damagedcar.rsd),willi_v.spt::willi_horn (horn-horn03.rsd),DEFAULT/NONE,DEFAULT/NONE,DEFAULT/NONE,DEFAULT/NONE,DEFAULT/NONE,DEFAULT/NONE,
witchcar,witchcar.spt::witchcar_v (broom.rsd),witchcar.spt::witchcar_v (broom.rsd),carsound.spt::fire (damagedcar.rsd),witchcar.spt::witchcar_v_horn (witch_horn.rsd),DEFAULT/NONE,DEFAULT/NONE,DEFAULT/NONE,witchcar.spt::witchcar_v_skid (blank.rsd),witchcar.spt::witchcar_v_skid (blank.rsd),DEFAULT/NONE,
zombi_v,zombi_v.spt::zombi (zombiecar.rsd),zombi_v.spt::zombi (zombiecar.rsd),carsound.spt::fire (damagedcar.rsd),zombi_v.spt::zombi_horn (horn-truck02.rsd),DEFAULT/NONE,DEFAULT/NONE,DEFAULT/NONE,DEFAULT/NONE,DEFAULT/NONE,DEFAULT/NONE,
